{
    "mfcc": {
        "classification_report": {
            "car": {
                "precision": 0.9487179487179487,
                "recall": 0.9487179487179487,
                "f1-score": 0.9487179487179487,
                "support": 39.0
            },
            "bus": {
                "precision": 1.0,
                "recall": 0.30952380952380953,
                "f1-score": 0.4727272727272727,
                "support": 42.0
            },
            "tram": {
                "precision": 0.8333333333333334,
                "recall": 0.5,
                "f1-score": 0.625,
                "support": 40.0
            },
            "train": {
                "precision": 0.4375,
                "recall": 1.0,
                "f1-score": 0.6086956521739131,
                "support": 35.0
            },
            "accuracy": 0.6730769230769231,
            "macro avg": {
                "precision": 0.8048878205128205,
                "recall": 0.6895604395604396,
                "f1-score": 0.6637852184047837,
                "support": 156.0
            },
            "weighted avg": {
                "precision": 0.8182425213675214,
                "recall": 0.6730769230769231,
                "f1-score": 0.6612749569271309,
                "support": 156.0
            }
        },
        "confusion_matrix": [
            [
                37,
                0,
                1,
                1
            ],
            [
                0,
                13,
                3,
                26
            ],
            [
                2,
                0,
                20,
                18
            ],
            [
                0,
                0,
                0,
                35
            ]
        ],
        "accuracy": 0.6730769230769231
    },
    "chroma": {
        "classification_report": {
            "car": {
                "precision": 0.5869565217391305,
                "recall": 0.6923076923076923,
                "f1-score": 0.6352941176470588,
                "support": 39.0
            },
            "bus": {
                "precision": 0.92,
                "recall": 0.5476190476190477,
                "f1-score": 0.6865671641791045,
                "support": 42.0
            },
            "tram": {
                "precision": 0.7560975609756098,
                "recall": 0.775,
                "f1-score": 0.7654320987654321,
                "support": 40.0
            },
            "train": {
                "precision": 0.5909090909090909,
                "recall": 0.7428571428571429,
                "f1-score": 0.6582278481012658,
                "support": 35.0
            },
            "accuracy": 0.6858974358974359,
            "macro avg": {
                "precision": 0.7134907934059578,
                "recall": 0.6894459706959707,
                "f1-score": 0.6863803071732153,
                "support": 156.0
            },
            "weighted avg": {
                "precision": 0.7208783651837735,
                "recall": 0.6858974358974359,
                "f1-score": 0.6876125007558928,
                "support": 156.0
            }
        },
        "confusion_matrix": [
            [
                27,
                1,
                3,
                8
            ],
            [
                9,
                23,
                5,
                5
            ],
            [
                4,
                0,
                31,
                5
            ],
            [
                6,
                1,
                2,
                26
            ]
        ],
        "accuracy": 0.6858974358974359
    },
    "zcr": {
        "classification_report": {
            "car": {
                "precision": 0.43661971830985913,
                "recall": 0.7948717948717948,
                "f1-score": 0.5636363636363636,
                "support": 39.0
            },
            "bus": {
                "precision": 0.15151515151515152,
                "recall": 0.11904761904761904,
                "f1-score": 0.13333333333333333,
                "support": 42.0
            },
            "tram": {
                "precision": 0.45652173913043476,
                "recall": 0.525,
                "f1-score": 0.4883720930232558,
                "support": 40.0
            },
            "train": {
                "precision": 0.5,
                "recall": 0.08571428571428572,
                "f1-score": 0.14634146341463414,
                "support": 35.0
            },
            "accuracy": 0.38461538461538464,
            "macro avg": {
                "precision": 0.38616415223886136,
                "recall": 0.3811584249084249,
                "f1-score": 0.33292081335189666,
                "support": 156.0
            },
            "weighted avg": {
                "precision": 0.3791838137367837,
                "recall": 0.38461538461538464,
                "f1-score": 0.3348631610401321,
                "support": 156.0
            }
        },
        "confusion_matrix": [
            [
                31,
                8,
                0,
                0
            ],
            [
                31,
                5,
                6,
                0
            ],
            [
                5,
                11,
                21,
                3
            ],
            [
                4,
                9,
                19,
                3
            ]
        ],
        "accuracy": 0.38461538461538464
    },
    "spectral_contrast": {
        "classification_report": {
            "car": {
                "precision": 0.9444444444444444,
                "recall": 0.8717948717948718,
                "f1-score": 0.9066666666666666,
                "support": 39.0
            },
            "bus": {
                "precision": 0.8333333333333334,
                "recall": 0.5952380952380952,
                "f1-score": 0.6944444444444444,
                "support": 42.0
            },
            "tram": {
                "precision": 1.0,
                "recall": 0.85,
                "f1-score": 0.918918918918919,
                "support": 40.0
            },
            "train": {
                "precision": 0.5892857142857143,
                "recall": 0.9428571428571428,
                "f1-score": 0.7252747252747253,
                "support": 35.0
            },
            "accuracy": 0.8076923076923077,
            "macro avg": {
                "precision": 0.841765873015873,
                "recall": 0.8149725274725275,
                "f1-score": 0.8113261888261888,
                "support": 156.0
            },
            "weighted avg": {
                "precision": 0.8490918803418804,
                "recall": 0.8076923076923077,
                "f1-score": 0.8119746077438386,
                "support": 156.0
            }
        },
        "confusion_matrix": [
            [
                34,
                3,
                0,
                2
            ],
            [
                2,
                25,
                0,
                15
            ],
            [
                0,
                0,
                34,
                6
            ],
            [
                0,
                2,
                0,
                33
            ]
        ],
        "accuracy": 0.8076923076923077
    },
    "rms": {
        "classification_report": {
            "car": {
                "precision": 0.3287671232876712,
                "recall": 0.6153846153846154,
                "f1-score": 0.42857142857142855,
                "support": 39.0
            },
            "bus": {
                "precision": 0.27586206896551724,
                "recall": 0.19047619047619047,
                "f1-score": 0.22535211267605634,
                "support": 42.0
            },
            "tram": {
                "precision": 0.5,