{
    "mfcc": {
        "classification_report": {
            "car": {
                "precision": 0.8260869565217391,
                "recall": 0.9743589743589743,
                "f1-score": 0.8941176470588236,
                "support": 39.0
            },
            "bus": {
                "precision": 0.6756756756756757,
                "recall": 0.5952380952380952,
                "f1-score": 0.6329113924050633,
                "support": 42.0
            },
            "tram": {
                "precision": 0.5945945945945946,
                "recall": 0.55,
                "f1-score": 0.5714285714285714,
                "support": 40.0
            },
            "train": {
                "precision": 0.6111111111111112,
                "recall": 0.6285714285714286,
                "f1-score": 0.6197183098591549,
                "support": 35.0
            },
            "accuracy": 0.6858974358974359,
            "macro avg": {
                "precision": 0.6768670844757801,
                "recall": 0.6870421245421245,
                "f1-score": 0.6795439801879033,
                "support": 156.0
            },
            "weighted avg": {
                "precision": 0.6780028356115313,
                "recall": 0.6858974358974359,
                "f1-score": 0.6794881437084619,
                "support": 156.0
            }
        },
        "confusion_matrix": [
            [
                38,
                0,
                0,
                1
            ],
            [
                1,
                25,
                11,
                5
            ],
            [
                5,
                5,
                22,
                8
            ],
            [
                2,
                7,
                4,
                22
            ]
        ],
        "accuracy": 0.6858974358974359
    },
    "chroma": {
        "classification_report": {
            "car": {
                "precision": 0.425,
                "recall": 0.4358974358974359,
                "f1-score": 0.43037974683544306,
                "support": 39.0
            },
            "bus": {
                "precision": 0.5918367346938775,
                "recall": 0.6904761904761905,
                "f1-score": 0.6373626373626373,
                "support": 42.0
            },
            "tram": {
                "precision": 0.6153846153846154,
                "recall": 0.6,
                "f1-score": 0.6075949367088608,
                "support": 40.0
            },
            "train": {
                "precision": 0.5,
                "recall": 0.4,
                "f1-score": 0.4444444444444444,
                "support": 35.0
            },
            "accuracy": 0.5384615384615384,
            "macro avg": {
                "precision": 0.5330553375196232,
                "recall": 0.5315934065934066,
                "f1-score": 0.5299454413378464,
                "support": 156.0
            },
            "weighted avg": {
                "precision": 0.5355610735418428,
                "recall": 0.5384615384615384,
                "f1-score": 0.5347012430751477,
                "support": 156.0
            }
        },
        "confusion_matrix": [
            [
                17,
                10,
                4,
                8
            ],
            [
                9,
                29,
                3,
                1
            ],
            [
                5,
                6,
                24,
                5
            ],
            [
                9,
                4,
                8,
                14
            ]
        ],
        "accuracy": 0.5384615384615384
    },
    "zcr": {
        "classification_report": {
            "car": {
                "precision": 0.43661971830985913,
                "recall": 0.7948717948717948,
                "f1-score": 0.5636363636363636,
                "support": 39.0
            },
            "bus": {
                "precision": 0.15625,
                "recall": 0.11904761904761904,
                "f1-score": 0.13513513513513514,
                "support": 42.0
            },
            "tram": {
                "precision": 0.4722222222222222,
                "recall": 0.425,
                "f1-score": 0.4473684210526316,
                "support": 40.0
            },
            "train": {
                "precision": 0.4117647058823529,
                "recall": 0.2,
                "f1-score": 0.2692307692307692,
                "support": 35.0
            },
            "accuracy": 0.38461538461538464,
            "macro avg": {
                "precision": 0.36921416160360854,
                "recall": 0.38472985347985345,
                "f1-score": 0.3538426722637249,
                "support": 156.0
            },
            "weighted avg": {
                "precision": 0.364687965441383,
                "recall": 0.38461538461538464,
                "f1-score": 0.3524058180940772,
                "support": 156.0
            }
        },
        "confusion_matrix": [
            [
                31,
                7,
                0,
                1
            ],
            [
                31,
                5,
                4,
                2
            ],
            [
                5,
                11,
                17,
                7
            ],
            [
                4,
                9,
                15,
                7
            ]
        ],
        "accuracy": 0.38461538461538464
    },
    "spectral_contrast": {
        "classification_report": {
            "car": {
                "precision": 0.8648648648648649,
                "recall": 0.8205128205128205,
                "f1-score": 0.8421052631578947,
                "support": 39.0
            },
            "bus": {
                "precision": 0.7391304347826086,
                "recall": 0.8095238095238095,
                "f1-score": 0.7727272727272727,
                "support": 42.0
            },
            "tram": {
                "precision": 0.8529411764705882,
                "recall": 0.725,
                "f1-score": 0.7837837837837838,
                "support": 40.0
            },
            "train": {
                "precision": 0.5641025641025641,
                "recall": 0.6285714285714286,
                "f1-score": 0.5945945945945946,
                "support": 35.0
            },
            "accuracy": 0.75,
            "macro avg": {
                "precision": 0.7552597600551565,
                "recall": 0.7459020146520147,
                "f1-score": 0.7483027285658865,
                "support": 156.0
            },
            "weighted avg": {
                "precision": 0.7604772102116192,
                "recall": 0.75,
                "f1-score": 0.7529411082042661,
                "support": 156.0
            }
        },
        "confusion_matrix": [
            [
                32,
                3,
                1,
                3
            ],
            [
                0,
                34,
                0,
                8
            ],
            [
                1,
                4,
                29,
                6
            ],
            [
                4,
                5,
                4,
                22
            ]
        ],
        "accuracy": 0.75
    },
    "rms": {
        "classification_report": {
            "car": {
                "precision": 0.3333333333333333,
                "recall": 0.41025641025641024,
                "f1-score": 0.367816091954023,
                "support": 39.0
            },
            "bus": {
                "precision": 0.0,
                "recall": 0.0,
                "f1-score": 0.0,
                "support": 42.0
            },
            "tram": {
                "precision": 0.3055555555555556,
                "recall": 0.55,